<appwizard><introduction><name></name><author>hinkphpsaev2</author><icon></icon><homepage></homepage><description><![CDATA[]]></description></introduction><platform><services><service></service><service name="public"  params="数据存储">Storage</service><service size="2M">Memcache</service><service>Mysql</service><service>kvdb</service><service name="test"  level="1"  type="seq">taskqueue</service></services><appconfig><tpl><![CDATA[
name: <<appname>>
version: <<version>>
]]></tpl></appconfig></platform><code><initScript>index.php</initScript></code></appwizard>